{
    "name": "root",
    "metadata": {
        "timer_format_version": "0.1.0",
        "start_time_seconds": "1701646086",
        "python_version": "3.10.12 (main, Nov 20 2023, 15:14:05) [GCC 11.4.0]",
        "command_line_arguments": "/home/finntm/.local/bin/mlagents-learn --force",
        "mlagents_version": "1.0.0",
        "mlagents_envs_version": "1.0.0",
        "communication_protocol_version": "1.5.0",
        "pytorch_version": "1.13.1+rocm5.2",
        "numpy_version": "1.21.2",
        "end_time_seconds": "1701646180"
    },
    "total": 93.13487980299942,
    "count": 1,
    "self": 0.003092517999903066,
    "children": {
        "run_training.setup": {
            "total": 0.010932334000244737,
            "count": 1,
            "self": 0.010932334000244737
        },
        "TrainerController.start_learning": {
            "total": 93.12085495099927,
            "count": 1,
            "self": 0.037485431943423464,
            "children": {
                "TrainerController._reset_env": {
                    "total": 6.5456657169997925,
                    "count": 1,
                    "self": 6.5456657169997925
                },
                "TrainerController.advance": {
                    "total": 86.50698217505487,
                    "count": 2552,
                    "self": 0.032226827106569544,
                    "children": {
                        "env_step": {
                            "total": 81.00708648298678,
                            "count": 2552,
                            "self": 79.23325637890957,
                            "children": {
                                "SubprocessEnvManager._take_step": {
                                    "total": 1.7514370760745805,
                                    "count": 2552,
                                    "self": 0.10112318809660792,
                                    "children": {
                                        "TorchPolicy.evaluate": {
                                            "total": 1.6503138879779726,
                                            "count": 2077,
                                            "self": 1.6503138879779726
                                        }
                                    }
                                },
                                "workers": {
                                    "total": 0.022393028002625215,
                                    "count": 2551,
                                    "self": 0.0,
                                    "children": {
                                        "worker_root": {
                                            "total": 32.95608226896729,
                                            "count": 2551,
                                            "is_parallel": true,
                                            "self": 16.94868516594579,
                                            "children": {
                                                "run_training.setup": {
                                                    "total": 0.0,
                                                    "count": 0,
                                                    "is_parallel": true,
                                                    "self": 0.0,
                                                    "children": {
                                                        "steps_from_proto": {
                                                            "total": 0.00047584499952790793,
                                                            "count": 1,
                                                            "is_parallel": true,
                                                            "self": 0.000122341998576303,
                                                            "children": {
                                                                "_process_rank_one_or_two_observation": {
                                                                    "total": 0.0003535030009516049,
                                                                    "count": 2,
                                                                    "is_parallel": true,
                                                                    "self": 0.0003535030009516049
                                                                }
                                                            }
                                                        },
                                                        "UnityEnvironment.step": {
                                                            "total": 0.03976481499921647,
                                                            "count": 1,
                                                            "is_parallel": true,
                                                            "self": 0.0001626189987291582,
                                                            "children": {
                                                                "UnityEnvironment._generate_step_input": {
                                                                    "total": 0.00045008899905951694,
                                                                    "count": 1,
                                                                    "is_parallel": true,
                                                                    "self": 0.00045008899905951694
                                                                },
                                                                "communicator.exchange": {
                                                                    "total": 0.038737515000320855,
                                                                    "count": 1,
                                                                    "is_parallel": true,
                                                                    "self": 0.038737515000320855
                                                                },
                                                                "steps_from_proto": {
                                                                    "total": 0.0004145920011069393,
                                                                    "count": 1,
                                                                    "is_parallel": true,
                                                                    "self": 0.00017380400095134974,
                                                                    "children": {
                                                                        "_process_rank_one_or_two_observation": {
                                                                            "total": 0.00024078800015558954,
                                                                            "count": 2,
                                                                            "is_parallel": true,
                                                                            "self": 0.00024078800015558954
                                                                        }
                                                                    }
                                                                }
                                                            }
                                                        }
                                                    }
                                                },
                                                "UnityEnvironment.step": {
                                                    "total": 16.007397103021503,
                                                    "count": 2550,
                                                    "is_parallel": true,
                                                    "self": 0.2777519398750883,